<?xml version="1.0" encoding="utf-8" ?>
<dwsync>
<file name="3.2.1-ADM0066_Controle de acesso e segurança_Palhoça.pdf" server="54.197.73.103//var/www/html/" local="132960181545203320" remote="132912616800000000" Dst="0" />
<file name="3.2.1 - Registro_treinamento_ADM0066 - Palhoça.pdf" server="54.197.73.103//var/www/html/" local="132960181549763644" remote="132912616800000000" Dst="0" />
<file name="3.2.1_Bloqueio crachá primário_Barueri_VALIDADO.pdf" server="54.197.73.103//var/www/html/" local="132960181555764153" remote="132912616800000000" Dst="0" />
<file name="3.2.1 Código de Ética e Conduta_H Strattner-2v_VALIDADO.pdf" server="54.197.73.103//var/www/html/" local="132960181557604294" remote="132912616800000000" Dst="0" />
<file name="Comprovante_Pedagios_27 11 21.pdf" server="54.197.73.103//var/www/html/" local="132960181558703829" remote="132938435400000000" Dst="0" />
<file name="IN RFB  Nº 1985  -  2020.pdf" server="54.197.73.103//var/www/html/" local="132960181570289860" remote="132938434800000000" Dst="0" />
<file name="POSITIVO_1.1_CARTAO_CNPJ_CURITIBA.pdf" server="54.197.73.103//var/www/html/" local="132960181572829315" remote="132912616800000000" Dst="0" />
<file name="POSITIVO_1.1_CARTAO_CNPJ_MANAUS.pdf" server="54.197.73.103//var/www/html/" local="132960181584465125" remote="132912616800000000" Dst="0" />
<file name="IN RFB  Nº 1985_2020_1598.pdf" server="54.197.73.103//var/www/html/" local="132960181600230399" remote="132912616800000000" Dst="0" />
</dwsync>